"0","#| label: Base agregada "
"0","#| echo: false "
"0",""
"0","icils_lvl_2 <- icils %>% group_by(CNTRY) %>% summarise_all(funs(mean))"
"2","Aviso: `funs()` was deprecated in dplyr 0.8.0.
Please use a list of either functions or lambdas: 

  # Simple named list: 
  list(mean = mean, median = median)

  # Auto named with `tibble::lst()`: 
  tibble::lst(mean, median)

  # Using lambdas
  list(~ mean(., trim = .2), ~ median(., na.rm = TRUE))"
"0","icils_lvl2 <- icils %>% "
"0","  group_by(CNTRY) %>% "
"0","  summarise(across(where(is.numeric), mean, na.rm = TRUE))"
"2","Aviso: [38;5;250mThere was 1 warning in `summarise()`.[39m
[38;5;250m[36mℹ[38;5;250m In argument: `across(where(is.numeric), mean, na.rm = TRUE)`.
[36mℹ[38;5;250m In group 1: `CNTRY = ""AUT""`.[39m
Caused by warning:
[38;5;250m[33m![38;5;250m The `...` argument of `across()` is deprecated as of dplyr 1.1.0.
Supply arguments directly to `.fns` through an anonymous function instead.

  # Previously
  across(a:b, mean, na.rm = TRUE)

  # Now
  across(a:b, \(x) mean(x, na.rm = TRUE))
[90mThis warning is displayed once every 8 hours.[38;5;250m
[90mCall `lifecycle::last_lifecycle_warnings()` to see where this warning was generated.[38;5;250m[39m"
